b,a,category,factor_count,is_reciprocal_pair
2,1,Case 3,2,True
2,5,Case 3,2,True
2,13,Case 3,4,False
2,17,Case 3,2,True
2,19,Case 3,2,True
2,23,Case 3,4,False
2,31,Case 3,2,True
2,37,Case 3,4,False
2,49,Case 3,4,False
2,53,Case 3,2,True
2,71,Case 3,4,False
2,73,Case 3,4,False
2,89,Case 3,2,True
2,113,Case 3,2,True
2,121,Case 3,4,False
2,157,Case 3,4,False
2,193,Case 3,4,False
2,233,Case 3,6,False
2,235,Case 3,6,False
2,257,Case 3,2,True
2,275,Case 3,8,False
2,293,Case 3,6,False
2,337,Case 3,8,False
2,341,Case 3,6,False
2,365,Case 3,2,True
2,427,Case 3,6,False
2,431,Case 3,8,False
2,473,Case 3,6,False
2,521,Case 3,6,False
2,523,Case 3,6,False
2,539,Case 3,4,False
2,557,Case 3,6,False
2,719,Case 3,4,False
2,949,Case 3,8,False
4,1,Case 3,2,True
4,11,Case 3,4,False
4,17,Case 3,2,True
4,19,Case 3,2,True
4,25,Case 3,4,False
4,29,Case 3,2,True
4,55,Case 3,2,True
4,73,Case 3,4,False
4,79,Case 3,2,True
4,83,Case 3,4,False
4,89,Case 3,2,True
4,91,Case 3,2,True
4,97,Case 3,4,False
4,101,Case 3,6,False
4,119,Case 3,4,False
4,125,Case 3,6,False
4,127,Case 3,6,False
4,179,Case 3,4,False
4,187,Case 3,10,False
4,209,Case 3,6,False
4,233,Case 3,6,False
4,331,Case 3,6,False
4,395,Case 3,4,False
4,425,Case 3,6,False
4,443,Case 3,4,False
4,449,Case 3,6,False
4,469,Case 3,4,False
4,503,Case 3,4,False
4,505,Case 3,4,False
4,515,Case 3,8,False
4,539,Case 3,8,False
4,565,Case 3,4,False
4,601,Case 3,4,False
4,619,Case 3,2,True
4,631,Case 3,6,False
4,659,Case 3,8,False
4,727,Case 3,10,False
4,845,Case 3,6,False
4,865,Case 3,8,False
4,997,Case 3,12,False
6,1,Case 3,2,True
6,7,Case 3,4,False
6,19,Case 3,2,True
6,25,Case 3,4,False
6,29,Case 3,2,True
6,31,Case 3,2,True
6,35,Case 3,8,False
6,41,Case 3,2,True
6,59,Case 3,4,False
6,67,Case 3,6,False
6,73,Case 3,4,False
6,101,Case 3,6,False
6,131,Case 3,4,False
6,145,Case 3,8,False
6,163,Case 3,6,False
6,175,Case 3,6,False
6,223,Case 3,6,False
6,233,Case 3,6,False
6,235,Case 3,6,False
6,239,Case 3,8,False
6,241,Case 3,4,False
6,253,Case 3,8,False
6,295,Case 3,10,False
6,307,Case 3,2,True
6,329,Case 3,6,False
6,359,Case 3,4,False
6,385,Case 3,8,False
6,389,Case 3,6,False
6,431,Case 3,4,False
6,449,Case 3,2,True
6,461,Case 3,6,False
6,503,Case 3,4,False
6,509,Case 3,10,False
6,521,Case 3,6,False
6,583,Case 3,6,False
6,595,Case 3,6,False
6,623,Case 3,8,False
6,631,Case 3,6,False
6,679,Case 3,6,False
6,703,Case 3,6,False
6,707,Case 3,4,False
6,713,Case 3,6,False
6,751,Case 3,6,False
6,793,Case 3,8,False
6,799,Case 3,6,False
6,917,Case 3,14,False
8,5,Case 3,2,True
8,13,Case 3,4,False
8,25,Case 3,2,True
8,29,Case 3,2,True
8,43,Case 3,6,False
8,47,Case 3,4,False
8,61,Case 3,4,False
8,65,Case 3,6,False
8,67,Case 3,2,True
8,95,Case 3,4,False
8,101,Case 3,6,False
8,131,Case 3,4,False
8,137,Case 3,2,True
8,157,Case 3,8,False
8,191,Case 3,4,False
8,205,Case 3,4,False
8,241,Case 3,4,False
8,245,Case 3,2,True
8,263,Case 3,8,False
8,299,Case 3,4,False
8,331,Case 3,6,False
8,347,Case 3,4,False
8,365,Case 3,2,True
8,455,Case 3,8,False
8,587,Case 3,4,False
8,617,Case 3,6,False
8,643,Case 3,6,False
8,653,Case 3,6,False
8,707,Case 3,4,False
8,709,Case 3,12,False
8,731,Case 3,4,False
8,767,Case 3,4,False
8,785,Case 3,10,False
8,875,Case 3,4,False
8,965,Case 3,6,False
10,11,Case 3,4,False
10,13,Case 3,4,False
10,23,Case 3,2,True
10,29,Case 3,2,True
10,41,Case 3,2,True
10,43,Case 3,2,True
10,59,Case 3,4,False
10,97,Case 3,8,False
10,133,Case 3,4,False
10,193,Case 3,4,False
10,257,Case 3,6,False
10,263,Case 3,12,False
10,283,Case 3,6,False
10,299,Case 3,4,False
10,329,Case 3,6,False
10,367,Case 3,2,True
10,389,Case 3,6,False
10,401,Case 3,10,False
10,403,Case 3,6,False
10,563,Case 3,8,False
10,617,Case 3,6,False
10,641,Case 3,6,False
10,677,Case 3,2,True
10,691,Case 3,6,False
10,709,Case 3,4,False
10,731,Case 3,8,False
10,761,Case 3,6,False
10,763,Case 3,2,True
10,779,Case 3,8,False
10,821,Case 3,6,False
10,841,Case 3,4,False
12,13,Case 3,4,False
12,31,Case 3,4,False
12,35,Case 3,4,False
12,41,Case 3,4,False
12,49,Case 3,8,False
12,55,Case 3,6,False
12,61,Case 3,4,False
12,83,Case 3,4,False
12,85,Case 3,8,False
12,101,Case 3,6,False
12,103,Case 3,6,False
12,113,Case 3,6,False
12,139,Case 3,6,False
12,143,Case 3,4,False
12,163,Case 3,6,False
12,173,Case 3,6,False
12,187,Case 3,6,False
12,203,Case 3,4,False
12,209,Case 3,6,False
12,275,Case 3,4,False
12,295,Case 3,6,False
12,319,Case 3,2,True
12,325,Case 3,12,False
12,389,Case 3,6,False
12,415,Case 3,6,False
12,443,Case 3,4,False
12,449,Case 3,6,False
12,457,Case 3,4,False
12,491,Case 3,4,False
12,521,Case 3,6,False
12,523,Case 3,6,False
12,577,Case 3,8,False
12,607,Case 3,6,False
12,715,Case 3,10,False
12,817,Case 3,4,False
12,827,Case 3,4,False
12,851,Case 3,8,False
12,853,Case 3,16,False
12,895,Case 3,14,False
12,937,Case 3,8,False
12,949,Case 3,8,False
12,955,Case 3,6,False
12,965,Case 3,14,False
12,971,Case 3,8,False
12,983,Case 3,4,False
14,1,Case 3,2,True
14,17,Case 3,4,False
14,29,Case 3,6,False
14,37,Case 3,4,False
14,43,Case 3,2,True
14,61,Case 3,4,False
14,65,Case 3,6,False
14,79,Case 3,6,False
14,115,Case 3,2,True
14,127,Case 3,2,True
14,145,Case 3,4,False
14,173,Case 3,6,False
14,179,Case 3,4,False
14,191,Case 3,4,False
14,205,Case 3,4,False
14,323,Case 3,8,False
14,331,Case 3,6,False
14,403,Case 3,6,False
14,425,Case 3,6,False
14,449,Case 3,2,True
14,451,Case 3,2,True
14,493,Case 3,4,False
14,649,Case 3,12,False
14,659,Case 3,8,False
14,781,Case 3,8,False
14,785,Case 3,6,False
14,811,Case 3,6,False
14,827,Case 3,8,False
14,857,Case 3,6,False
14,881,Case 3,6,False
14,929,Case 3,10,False
14,935,Case 3,4,False
14,965,Case 3,6,False
16,1,Case 3,2,True
16,19,Case 3,2,True
16,31,Case 3,4,False
16,35,Case 3,4,False
16,55,Case 3,4,False
16,67,Case 3,6,False
16,71,Case 3,4,False
16,89,Case 3,6,False
16,91,Case 3,6,False
16,103,Case 3,6,False
16,125,Case 3,2,True
16,143,Case 3,4,False
16,145,Case 3,4,False
16,161,Case 3,6,False
16,181,Case 3,4,False
16,203,Case 3,4,False
16,235,Case 3,2,True
16,247,Case 3,6,False
16,253,Case 3,8,False
16,271,Case 3,6,False
16,287,Case 3,4,False
16,319,Case 3,2,True
16,323,Case 3,4,False
16,329,Case 3,6,False
16,383,Case 3,8,False
16,391,Case 3,6,False
16,487,Case 3,2,True
16,553,Case 3,8,False
16,589,Case 3,8,False
16,611,Case 3,8,False
16,631,Case 3,6,False
16,689,Case 3,6,False
16,703,Case 3,6,False
16,707,Case 3,4,False
16,775,Case 3,6,False
16,847,Case 3,6,False
16,881,Case 3,10,False
16,941,Case 3,6,False
16,953,Case 3,6,False
18,11,Case 3,4,False
18,19,Case 3,6,False
18,23,Case 3,6,False
18,35,Case 3,8,False
18,47,Case 3,6,False
18,49,Case 3,6,False
18,55,Case 3,8,False
18,65,Case 3,4,False
18,67,Case 3,2,True
18,71,Case 3,2,True
18,79,Case 3,6,False
18,91,Case 3,6,False
18,101,Case 3,6,False
18,143,Case 3,8,False
18,151,Case 3,10,False
18,163,Case 3,2,True
18,173,Case 3,6,False
18,179,Case 3,8,False
18,187,Case 3,6,False
18,251,Case 3,4,False
18,287,Case 3,4,False
18,313,Case 3,8,False
18,325,Case 3,4,False
18,353,Case 3,10,False
18,355,Case 3,10,False
18,395,Case 3,12,False
18,409,Case 3,4,False
18,421,Case 3,4,False
18,473,Case 3,2,True
18,551,Case 3,8,False
18,563,Case 3,4,False
18,707,Case 3,12,False
18,769,Case 3,4,False
18,775,Case 3,10,False
18,835,Case 3,6,False
18,899,Case 3,8,False
18,925,Case 3,8,False
18,929,Case 3,6,False
20,13,Case 3,4,False
20,37,Case 3,4,False
20,71,Case 3,2,True
20,77,Case 3,6,False
20,91,Case 3,6,False
20,103,Case 3,6,False
20,113,Case 3,6,False
20,139,Case 3,2,True
20,163,Case 3,2,True
20,167,Case 3,4,False
20,193,Case 3,4,False
20,197,Case 3,2,True
20,221,Case 3,6,False
20,301,Case 3,4,False
20,343,Case 3,6,False
20,373,Case 3,8,False
20,431,Case 3,8,False
20,463,Case 3,6,False
20,469,Case 3,4,False
20,521,Case 3,6,False
20,557,Case 3,6,False
20,607,Case 3,10,False
20,703,Case 3,6,False
20,773,Case 3,2,True
20,901,Case 3,8,False
20,953,Case 3,6,False
20,977,Case 3,6,False
22,1,Case 3,2,True
22,7,Case 3,4,False
22,17,Case 3,4,False
22,19,Case 3,6,False
22,29,Case 3,6,False
22,47,Case 3,2,True
22,53,Case 3,2,True
22,65,Case 3,4,False
22,73,Case 3,6,False
22,79,Case 3,4,False
22,91,Case 3,6,False
22,97,Case 3,4,False
22,109,Case 3,4,False
22,115,Case 3,6,False
22,125,Case 3,2,True
22,197,Case 3,6,False
22,205,Case 3,8,False
22,215,Case 3,8,False
22,217,Case 3,4,False
22,235,Case 3,2,True
22,287,Case 3,8,False
22,313,Case 3,4,False
22,335,Case 3,4,False
22,359,Case 3,4,False
22,361,Case 3,8,False
22,397,Case 3,8,False
22,421,Case 3,4,False
22,443,Case 3,8,False
22,469,Case 3,4,False
22,497,Case 3,6,False
22,503,Case 3,8,False
22,505,Case 3,8,False
22,533,Case 3,6,False
22,559,Case 3,2,True
22,593,Case 3,6,False
22,611,Case 3,4,False
22,767,Case 3,8,False
22,799,Case 3,6,False
22,953,Case 3,10,False
22,955,Case 3,10,False
24,7,Case 3,4,False
24,37,Case 3,4,False
24,47,Case 3,2,True
24,49,Case 3,6,False
24,55,Case 3,8,False
24,65,Case 3,4,False
24,91,Case 3,6,False
24,115,Case 3,6,False
24,121,Case 3,4,False
24,133,Case 3,4,False
24,151,Case 3,6,False
24,193,Case 3,4,False
24,209,Case 3,2,True
24,245,Case 3,6,False
24,275,Case 3,4,False
24,301,Case 3,4,False
24,311,Case 3,8,False
24,335,Case 3,8,False
24,391,Case 3,2,True
24,395,Case 3,4,False
24,415,Case 3,6,False
24,421,Case 3,4,False
24,461,Case 3,6,False
24,473,Case 3,2,True
24,499,Case 3,10,False
24,617,Case 3,6,False
24,631,Case 3,10,False
24,635,Case 3,4,False
24,649,Case 3,8,False
24,655,Case 3,10,False
24,719,Case 3,4,False
24,731,Case 3,8,False
24,767,Case 3,4,False
24,787,Case 3,6,False
24,847,Case 3,6,False
24,875,Case 3,8,False
24,895,Case 3,6,False
24,923,Case 3,12,False
24,989,Case 3,6,False
26,7,Case 3,4,False
26,25,Case 3,2,True
26,67,Case 3,6,False
26,119,Case 3,4,False
26,133,Case 3,4,False
26,137,Case 3,6,False
26,155,Case 3,4,False
26,157,Case 3,4,False
26,175,Case 3,6,False
26,185,Case 3,6,False
26,187,Case 3,6,False
26,191,Case 3,4,False
26,203,Case 3,8,False
26,241,Case 3,4,False
26,259,Case 3,6,False
26,265,Case 3,8,False
26,311,Case 3,8,False
26,335,Case 3,4,False
26,349,Case 3,4,False
26,371,Case 3,4,False
26,407,Case 3,4,False
26,443,Case 3,4,False
26,457,Case 3,12,False
26,461,Case 3,6,False
26,497,Case 3,2,True
26,551,Case 3,4,False
26,605,Case 3,6,False
26,695,Case 3,4,False
26,749,Case 3,6,False
26,785,Case 3,6,False
26,833,Case 3,18,False
26,877,Case 3,8,False
28,11,Case 3,4,False
28,65,Case 3,4,False
28,67,Case 3,6,False
28,79,Case 3,4,False
28,83,Case 3,4,False
28,85,Case 3,4,False
28,95,Case 3,2,True
28,101,Case 3,2,True
28,121,Case 3,4,False
28,139,Case 3,2,True
28,173,Case 3,6,False
28,209,Case 3,6,False
28,221,Case 3,10,False
28,257,Case 3,6,False
28,407,Case 3,8,False
28,409,Case 3,8,False
28,445,Case 3,8,False
28,461,Case 3,6,False
28,473,Case 3,6,False
28,475,Case 3,2,True
28,529,Case 3,8,False
28,617,Case 3,6,False
28,655,Case 3,6,False
28,671,Case 3,8,False
28,677,Case 3,6,False
28,733,Case 3,4,False
28,743,Case 3,4,False
28,745,Case 3,4,False
28,985,Case 3,4,False
30,13,Case 3,4,False
30,17,Case 3,8,False
30,23,Case 3,2,True
30,49,Case 3,6,False
30,53,Case 3,6,False
30,59,Case 3,8,False
30,61,Case 3,4,False
30,73,Case 3,2,True
30,77,Case 3,2,True
30,101,Case 3,6,False
30,109,Case 3,4,False
30,127,Case 3,6,False
30,149,Case 3,6,False
30,161,Case 3,6,False
30,181,Case 3,4,False
30,199,Case 3,6,False
30,229,Case 3,4,False
30,277,Case 3,4,False
30,281,Case 3,2,True
30,287,Case 3,4,False
30,341,Case 3,6,False
30,367,Case 3,2,True
30,373,Case 3,4,False
30,463,Case 3,6,False
30,497,Case 3,6,False
30,517,Case 3,4,False
30,527,Case 3,8,False
30,563,Case 3,4,False
30,589,Case 3,4,False
30,599,Case 3,4,False
30,601,Case 3,4,False
30,607,Case 3,10,False
30,611,Case 3,12,False
30,637,Case 3,8,False
30,737,Case 3,10,False
30,761,Case 3,10,False
30,931,Case 3,6,False
30,997,Case 3,8,False
32,1,Case 3,2,True
32,25,Case 3,2,True
32,43,Case 3,6,False
32,65,Case 3,4,False
32,73,Case 3,2,True
32,79,Case 3,8,False
32,91,Case 3,2,True
32,115,Case 3,6,False
32,119,Case 3,2,True
32,137,Case 3,2,True
32,187,Case 3,2,True
32,209,Case 3,6,False
32,223,Case 3,2,True
32,263,Case 3,4,False
32,325,Case 3,8,False
32,331,Case 3,2,True
32,433,Case 3,8,False
32,475,Case 3,2,True
32,487,Case 3,10,False
32,593,Case 3,6,False
32,595,Case 3,6,False
32,613,Case 3,4,False
32,623,Case 3,8,False
32,665,Case 3,10,False
32,701,Case 3,6,False
32,793,Case 3,8,False
32,817,Case 3,8,False
32,961,Case 3,8,False
34,13,Case 3,4,False
34,19,Case 3,2,True
34,31,Case 3,4,False
34,41,Case 3,4,False
34,59,Case 3,4,False
34,113,Case 3,8,False
34,131,Case 3,4,False
34,139,Case 3,2,True
34,143,Case 3,4,False
34,145,Case 3,4,False
34,161,Case 3,2,True
34,167,Case 3,4,False
34,203,Case 3,4,False
34,235,Case 3,2,True
34,239,Case 3,4,False
34,265,Case 3,4,False
34,275,Case 3,8,False
34,293,Case 3,2,True
34,301,Case 3,4,False
34,319,Case 3,6,False
34,355,Case 3,2,True
34,397,Case 3,4,False
34,401,Case 3,6,False
34,419,Case 3,4,False
34,499,Case 3,2,True
34,505,Case 3,4,False
34,557,Case 3,10,False
34,577,Case 3,4,False
34,625,Case 3,4,False
34,683,Case 3,12,False
34,755,Case 3,8,False
34,851,Case 3,4,False
34,869,Case 3,6,False
34,887,Case 3,4,False
34,899,Case 3,4,False
34,919,Case 3,10,False
36,31,Case 3,4,False
36,59,Case 3,4,False
36,65,Case 3,4,False
36,71,Case 3,2,True
36,89,Case 3,4,False
36,101,Case 3,6,False
36,121,Case 3,6,False
36,125,Case 3,6,False
36,139,Case 3,6,False
36,145,Case 3,8,False
36,175,Case 3,10,False
36,205,Case 3,4,False
36,209,Case 3,6,False
36,221,Case 3,2,True
36,247,Case 3,6,False
36,251,Case 3,8,False
36,257,Case 3,6,False
36,269,Case 3,6,False
36,307,Case 3,2,True
36,325,Case 3,4,False
36,329,Case 3,6,False
36,331,Case 3,6,False
36,341,Case 3,2,True
36,419,Case 3,4,False
36,433,Case 3,4,False
36,439,Case 3,6,False
36,491,Case 3,4,False
36,637,Case 3,8,False
36,677,Case 3,6,False
36,719,Case 3,8,False
36,731,Case 3,4,False
36,799,Case 3,6,False
36,815,Case 3,12,False
36,865,Case 3,8,False
36,869,Case 3,10,False
36,871,Case 3,6,False
36,881,Case 3,6,False
36,901,Case 3,4,False
36,947,Case 3,8,False
36,995,Case 3,8,False
38,5,Case 3,10,False
38,35,Case 3,4,False
38,41,Case 3,4,False
38,67,Case 3,6,False
38,143,Case 3,6,False
38,149,Case 3,6,False
38,175,Case 3,2,True
38,185,Case 3,6,False
38,211,Case 3,6,False
38,233,Case 3,2,True
38,239,Case 3,4,False
38,265,Case 3,8,False
38,287,Case 3,8,False
38,301,Case 3,4,False
38,305,Case 3,6,False
38,373,Case 3,4,False
38,395,Case 3,4,False
38,397,Case 3,4,False
38,433,Case 3,8,False
38,455,Case 3,4,False
38,463,Case 3,2,True
38,485,Case 3,6,False
38,517,Case 3,4,False
38,539,Case 3,8,False
38,595,Case 3,6,False
38,631,Case 3,6,False
38,671,Case 3,4,False
38,685,Case 3,4,False
38,715,Case 3,2,True
38,719,Case 3,4,False
38,739,Case 3,6,False
38,761,Case 3,14,False
38,797,Case 3,6,False
38,865,Case 3,8,False
38,869,Case 3,6,False
38,883,Case 3,2,True
38,901,Case 3,8,False
38,923,Case 3,4,False
38,977,Case 3,2,True
38,991,Case 3,6,False
40,17,Case 3,8,False
40,37,Case 3,4,False
40,53,Case 3,2,True
40,73,Case 3,6,False
40,107,Case 3,4,False
40,109,Case 3,8,False
40,127,Case 3,4,False
40,173,Case 3,6,False
40,199,Case 3,6,False
40,281,Case 3,10,False
40,289,Case 3,8,False
40,317,Case 3,6,False
40,379,Case 3,10,False
40,407,Case 3,8,False
40,413,Case 3,2,True
40,439,Case 3,6,False
40,587,Case 3,8,False
40,611,Case 3,8,False
40,623,Case 3,4,False
40,637,Case 3,4,False
40,649,Case 3,8,False
40,713,Case 3,2,True
40,737,Case 3,6,False
40,749,Case 3,2,True
40,763,Case 3,6,False
40,827,Case 3,4,False
40,857,Case 3,2,True
40,991,Case 3,6,False
42,25,Case 3,6,False
42,29,Case 3,2,True
42,43,Case 3,6,False
42,47,Case 3,6,False
42,55,Case 3,8,False
42,71,Case 3,2,True
42,73,Case 3,2,True
42,107,Case 3,4,False
42,131,Case 3,4,False
42,149,Case 3,6,False
42,191,Case 3,4,False
42,235,Case 3,6,False
42,241,Case 3,4,False
42,311,Case 3,4,False
42,347,Case 3,4,False
42,389,Case 3,2,True
42,451,Case 3,6,False
42,473,Case 3,6,False
42,505,Case 3,4,False
42,523,Case 3,6,False
42,529,Case 3,8,False
42,545,Case 3,10,False
42,565,Case 3,4,False
42,577,Case 3,4,False
42,613,Case 3,12,False
42,643,Case 3,2,True
42,649,Case 3,4,False
42,671,Case 3,8,False
42,709,Case 3,4,False
42,733,Case 3,8,False
42,755,Case 3,8,False
42,775,Case 3,10,False
42,901,Case 3,4,False
42,943,Case 3,6,False
42,949,Case 3,4,False
42,983,Case 3,12,False
42,991,Case 3,10,False
44,25,Case 3,6,False
44,41,Case 3,4,False
44,83,Case 3,4,False
44,119,Case 3,2,True
44,131,Case 3,12,False
44,133,Case 3,4,False
44,139,Case 3,2,True
44,155,Case 3,4,False
44,173,Case 3,2,True
44,211,Case 3,6,False
44,227,Case 3,4,False
44,245,Case 3,2,True
44,247,Case 3,6,False
44,257,Case 3,2,True
44,283,Case 3,6,False
44,293,Case 3,6,False
44,295,Case 3,6,False
44,301,Case 3,8,False
44,329,Case 3,6,False
44,335,Case 3,4,False
44,353,Case 3,2,True
44,479,Case 3,4,False
44,481,Case 3,8,False
44,493,Case 3,12,False
44,551,Case 3,8,False
44,563,Case 3,4,False
44,587,Case 3,8,False
44,607,Case 3,6,False
44,677,Case 3,6,False
44,761,Case 3,2,True
44,835,Case 3,6,False
44,923,Case 3,4,False
46,41,Case 3,4,False
46,61,Case 3,4,False
46,79,Case 3,8,False
46,83,Case 3,4,False
46,95,Case 3,2,True
46,97,Case 3,6,False
46,101,Case 3,2,True
46,119,Case 3,6,False
46,155,Case 3,4,False
46,157,Case 3,4,False
46,173,Case 3,2,True
46,175,Case 3,4,False
46,187,Case 3,6,False
46,203,Case 3,4,False
46,205,Case 3,4,False
46,293,Case 3,6,False
46,301,Case 3,8,False
46,353,Case 3,2,True
46,403,Case 3,2,True
46,493,Case 3,8,False
46,497,Case 3,2,True
46,515,Case 3,4,False
46,527,Case 3,8,False
46,605,Case 3,2,True
46,643,Case 3,6,False
46,725,Case 3,2,True
46,731,Case 3,4,False
46,749,Case 3,6,False
46,821,Case 3,6,False
46,857,Case 3,6,False
46,869,Case 3,6,False
46,947,Case 3,4,False
46,967,Case 3,2,True
48,35,Case 3,4,False
48,47,Case 3,2,True
48,55,Case 3,4,False
48,85,Case 3,4,False
48,97,Case 3,6,False
48,137,Case 3,4,False
48,173,Case 3,2,True
48,193,Case 3,8,False
48,211,Case 3,2,True
48,245,Case 3,10,False
48,247,Case 3,6,False
48,289,Case 3,4,False
48,331,Case 3,6,False
48,341,Case 3,10,False
48,365,Case 3,6,False
48,395,Case 3,8,False
48,407,Case 3,4,False
48,421,Case 3,8,False
48,449,Case 3,10,False
48,505,Case 3,8,False
48,541,Case 3,8,False
48,577,Case 3,8,False
48,635,Case 3,4,False
48,685,Case 3,8,False
48,721,Case 3,4,False
48,743,Case 3,8,False
48,809,Case 3,2,True
48,853,Case 3,8,False
48,881,Case 3,6,False
48,907,Case 3,6,False
48,941,Case 3,6,False
48,977,Case 3,2,True
48,979,Case 3,6,False
48,985,Case 3,12,False
50,11,Case 3,4,False
50,43,Case 3,6,False
50,71,Case 3,14,False
50,101,Case 3,6,False
50,119,Case 3,6,False
50,143,Case 3,10,False
50,163,Case 3,2,True
50,173,Case 3,6,False
50,187,Case 3,10,False
50,217,Case 3,4,False
50,223,Case 3,2,True
50,227,Case 3,4,False
50,253,Case 3,8,False
50,271,Case 3,2,True
50,317,Case 3,6,False
50,341,Case 3,6,False
50,407,Case 3,4,False
50,421,Case 3,12,False
50,457,Case 3,4,False
50,511,Case 3,10,False
50,541,Case 3,4,False
50,551,Case 3,8,False
50,713,Case 3,2,True
50,749,Case 3,6,False
50,803,Case 3,4,False
50,817,Case 3,8,False
50,871,Case 3,6,False
50,973,Case 3,8,False
52,41,Case 3,8,False
52,53,Case 3,6,False
52,89,Case 3,8,False
52,95,Case 3,2,True
52,179,Case 3,4,False
52,181,Case 3,4,False
52,197,Case 3,6,False
52,203,Case 3,4,False
52,211,Case 3,10,False
52,229,Case 3,4,False
52,283,Case 3,6,False
52,305,Case 3,2,True
52,307,Case 3,6,False
52,341,Case 3,2,True
52,361,Case 3,4,False
52,449,Case 3,10,False
52,463,Case 3,10,False
52,473,Case 3,6,False
52,499,Case 3,10,False
52,509,Case 3,6,False
52,553,Case 3,4,False
52,575,Case 3,8,False
52,667,Case 3,10,False
52,697,Case 3,4,False
52,725,Case 3,10,False
52,739,Case 3,2,True
52,827,Case 3,8,False
52,977,Case 3,10,False
52,995,Case 3,8,False
54,5,Case 3,6,False
54,11,Case 3,4,False
54,25,Case 3,6,False
54,29,Case 3,6,False
54,35,Case 3,8,False
54,59,Case 3,4,False
54,91,Case 3,6,False
54,95,Case 3,6,False
54,113,Case 3,4,False
54,163,Case 3,2,True
54,169,Case 3,6,False
54,191,Case 3,6,False
54,215,Case 3,6,False
54,251,Case 3,4,False
54,277,Case 3,4,False
54,283,Case 3,6,False
54,289,Case 3,8,False
54,401,Case 3,6,False
54,425,Case 3,6,False
54,437,Case 3,2,True
54,499,Case 3,6,False
54,545,Case 3,6,False
54,629,Case 3,6,False
54,691,Case 3,6,False
54,707,Case 3,12,False
54,709,Case 3,4,False
54,719,Case 3,4,False
54,739,Case 3,2,True
54,757,Case 3,4,False
54,779,Case 3,4,False
54,803,Case 3,12,False
54,863,Case 3,4,False
54,887,Case 3,8,False
54,929,Case 3,6,False
54,931,Case 3,10,False
54,949,Case 3,8,False
54,953,Case 3,2,True
56,1,Case 3,6,False
56,71,Case 3,6,False
56,73,Case 3,6,False
56,85,Case 3,8,False
56,95,Case 3,2,True
56,103,Case 3,4,False
56,107,Case 3,8,False
56,113,Case 3,4,False
56,131,Case 3,4,False
56,149,Case 3,6,False
56,239,Case 3,8,False
56,319,Case 3,6,False
56,359,Case 3,4,False
56,391,Case 3,6,False
56,463,Case 3,6,False
56,571,Case 3,10,False
56,697,Case 3,8,False
56,775,Case 3,10,False
56,793,Case 3,4,False
56,797,Case 3,10,False
56,811,Case 3,10,False
56,955,Case 3,6,False
58,19,Case 3,2,True
58,89,Case 3,4,False
58,91,Case 3,2,True
58,109,Case 3,4,False
58,127,Case 3,4,False
58,173,Case 3,6,False
58,181,Case 3,4,False
58,241,Case 3,4,False
58,253,Case 3,8,False
58,269,Case 3,6,False
58,295,Case 3,2,True
58,349,Case 3,4,False
58,397,Case 3,12,False
58,461,Case 3,6,False
58,523,Case 3,2,True
58,533,Case 3,10,False
58,565,Case 3,4,False
58,595,Case 3,6,False
58,641,Case 3,6,False
58,703,Case 3,6,False
58,709,Case 3,8,False
58,721,Case 3,8,False
58,745,Case 3,4,False
58,785,Case 3,2,True
58,791,Case 3,8,False
58,809,Case 3,6,False
58,821,Case 3,10,False
58,881,Case 3,2,True
60,53,Case 3,6,False
60,59,Case 3,4,False
60,89,Case 3,4,False
60,161,Case 3,4,False
60,167,Case 3,6,False
60,187,Case 3,10,False
60,221,Case 3,6,False
60,263,Case 3,4,False
60,271,Case 3,2,True
60,301,Case 3,4,False
60,319,Case 3,6,False
60,341,Case 3,6,False
60,359,Case 3,4,False
60,361,Case 3,4,False
60,383,Case 3,4,False
60,389,Case 3,6,False
60,403,Case 3,6,False
60,439,Case 3,6,False
60,469,Case 3,8,False
60,493,Case 3,12,False
60,509,Case 3,6,False
60,527,Case 3,4,False
60,541,Case 3,4,False
60,557,Case 3,2,True
60,613,Case 3,4,False
60,617,Case 3,6,False
60,649,Case 3,4,False
60,751,Case 3,2,True
60,769,Case 3,4,False
60,781,Case 3,4,False
60,829,Case 3,4,False
60,851,Case 3,8,False
60,871,Case 3,10,False
60,887,Case 3,4,False
60,943,Case 3,10,False
60,961,Case 3,4,False
62,7,Case 3,8,False
62,41,Case 3,4,False
62,43,Case 3,6,False
62,85,Case 3,4,False
62,101,Case 3,6,False
62,131,Case 3,8,False
62,139,Case 3,6,False
62,193,Case 3,2,True
62,203,Case 3,4,False
62,209,Case 3,4,False
62,221,Case 3,6,False
62,247,Case 3,8,False
62,311,Case 3,4,False
62,367,Case 3,6,False
62,389,Case 3,2,True
62,409,Case 3,4,False
62,445,Case 3,4,False
62,551,Case 3,4,False
62,623,Case 3,4,False
62,677,Case 3,6,False
62,731,Case 3,8,False
62,733,Case 3,8,False
62,749,Case 3,2,True
62,779,Case 3,8,False
62,785,Case 3,2,True
62,799,Case 3,6,False
62,877,Case 3,4,False
62,983,Case 3,4,False
62,997,Case 3,4,False
64,11,Case 3,8,False
64,13,Case 3,8,False
64,29,Case 3,6,False
64,95,Case 3,6,False
64,101,Case 3,6,False
64,169,Case 3,2,True
64,239,Case 3,2,True
64,247,Case 3,8,False
64,299,Case 3,8,False
64,319,Case 3,6,False
64,365,Case 3,6,False
64,367,Case 3,6,False
64,373,Case 3,4,False
64,403,Case 3,2,True
64,419,Case 3,4,False
64,443,Case 3,8,False
64,455,Case 3,12,False
64,475,Case 3,6,False
64,491,Case 3,8,False
64,509,Case 3,10,False
64,529,Case 3,8,False
64,533,Case 3,6,False
64,545,Case 3,6,False
64,569,Case 3,6,False
64,589,Case 3,12,False
64,599,Case 3,8,False
64,607,Case 3,10,False
64,619,Case 3,6,False
64,623,Case 3,8,False
64,641,Case 3,2,True
64,661,Case 3,4,False
64,673,Case 3,4,False
64,713,Case 3,6,False
64,781,Case 3,8,False
64,805,Case 3,8,False
64,821,Case 3,6,False
64,859,Case 3,6,False
64,905,Case 3,2,True
64,931,Case 3,6,False
64,941,Case 3,6,False
66,59,Case 3,4,False
66,71,Case 3,2,True
66,145,Case 3,6,False
66,149,Case 3,6,False
66,151,Case 3,8,False
66,157,Case 3,4,False
66,161,Case 3,4,False
66,181,Case 3,8,False
66,227,Case 3,8,False
66,229,Case 3,4,False
66,283,Case 3,6,False
66,295,Case 3,6,False
66,329,Case 3,6,False
66,349,Case 3,8,False
66,413,Case 3,6,False
66,427,Case 3,6,False
66,455,Case 3,8,False
66,467,Case 3,4,False
66,505,Case 3,4,False
66,515,Case 3,8,False
66,521,Case 3,6,False
66,547,Case 3,10,False
66,565,Case 3,8,False
66,599,Case 3,4,False
66,607,Case 3,2,True
66,611,Case 3,4,False
66,613,Case 3,4,False
66,617,Case 3,6,False
66,625,Case 3,12,False
66,683,Case 3,8,False
66,685,Case 3,4,False
66,695,Case 3,8,False
66,701,Case 3,6,False
66,889,Case 3,4,False
66,901,Case 3,8,False
66,947,Case 3,12,False
66,973,Case 3,4,False
66,991,Case 3,6,False
68,29,Case 3,6,False
68,53,Case 3,6,False
68,61,Case 3,4,False
68,125,Case 3,2,True
68,133,Case 3,4,False
68,179,Case 3,8,False
68,181,Case 3,4,False
68,209,Case 3,8,False
68,215,Case 3,2,True
68,251,Case 3,4,False
68,263,Case 3,6,False
68,269,Case 3,2,True
68,287,Case 3,4,False
68,313,Case 3,4,False
68,325,Case 3,8,False
68,353,Case 3,10,False
68,361,Case 3,8,False
68,367,Case 3,2,True
68,403,Case 3,6,False
68,439,Case 3,6,False
68,449,Case 3,6,False
68,497,Case 3,6,False
68,557,Case 3,6,False
68,577,Case 3,4,False
68,587,Case 3,4,False
68,593,Case 3,10,False
68,667,Case 3,6,False
68,767,Case 3,4,False
68,863,Case 3,4,False
68,871,Case 3,10,False
68,893,Case 3,6,False
68,979,Case 3,10,False
68,983,Case 3,8,False
70,19,Case 3,6,False
70,53,Case 3,10,False
70,103,Case 3,8,False
70,107,Case 3,4,False
70,179,Case 3,4,False
70,221,Case 3,6,False
70,239,Case 3,2,True
70,257,Case 3,4,False
70,271,Case 3,4,False
70,383,Case 3,4,False
70,509,Case 3,6,False
70,527,Case 3,4,False
70,599,Case 3,8,False
70,613,Case 3,8,False
70,739,Case 3,10,False
70,859,Case 3,6,False
70,887,Case 3,16,False
70,937,Case 3,4,False
70,949,Case 3,8,False
70,977,Case 3,6,False
70,989,Case 3,6,False
72,1,Case 3,6,False
72,19,Case 3,2,True
72,73,Case 3,6,False
72,85,Case 3,4,False
72,91,Case 3,10,False
72,121,Case 3,6,False
72,143,Case 3,6,False
72,157,Case 3,4,False
72,185,Case 3,4,False
72,197,Case 3,2,True
72,223,Case 3,4,False
72,227,Case 3,4,False
72,239,Case 3,6,False
72,283,Case 3,2,True
72,287,Case 3,6,False
72,293,Case 3,6,False
72,299,Case 3,4,False
72,319,Case 3,6,False
72,323,Case 3,4,False
72,365,Case 3,10,False
72,437,Case 3,10,False
72,443,Case 3,4,False
72,449,Case 3,6,False
72,461,Case 3,6,False
72,487,Case 3,6,False
72,509,Case 3,6,False
72,571,Case 3,6,False
72,583,Case 3,2,True
72,613,Case 3,4,False
72,629,Case 3,2,True
72,715,Case 3,6,False
72,737,Case 3,10,False
72,757,Case 3,8,False
72,767,Case 3,4,False
72,769,Case 3,4,False
72,793,Case 3,8,False
72,877,Case 3,8,False
72,917,Case 3,6,False
72,925,Case 3,12,False
72,977,Case 3,6,False
74,5,Case 3,2,True
74,41,Case 3,4,False
74,53,Case 3,6,False
74,85,Case 3,4,False
74,107,Case 3,8,False
74,113,Case 3,4,False
74,131,Case 3,8,False
74,139,Case 3,10,False
74,161,Case 3,4,False
74,179,Case 3,8,False
74,181,Case 3,8,False
74,199,Case 3,12,False
74,233,Case 3,8,False
74,247,Case 3,4,False
74,253,Case 3,4,False
74,289,Case 3,6,False
74,305,Case 3,2,True
74,311,Case 3,4,False
74,343,Case 3,6,False
74,347,Case 3,4,False
74,365,Case 3,6,False
74,379,Case 3,6,False
74,397,Case 3,4,False
74,437,Case 3,2,True
74,449,Case 3,10,False
74,451,Case 3,2,True
74,469,Case 3,4,False
74,473,Case 3,6,False
74,485,Case 3,2,True
74,563,Case 3,12,False
74,571,Case 3,6,False
74,577,Case 3,8,False
74,647,Case 3,4,False
74,679,Case 3,6,False
74,685,Case 3,8,False
74,715,Case 3,6,False
74,773,Case 3,14,False
74,791,Case 3,12,False
74,859,Case 3,6,False
74,865,Case 3,4,False
74,887,Case 3,4,False
74,935,Case 3,4,False
74,937,Case 3,8,False
74,991,Case 3,6,False
74,995,Case 3,4,False
76,7,Case 3,4,False
76,17,Case 3,8,False
76,29,Case 3,6,False
76,65,Case 3,4,False
76,101,Case 3,6,False
76,107,Case 3,4,False
76,119,Case 3,2,True
76,143,Case 3,2,True
76,145,Case 3,6,False
76,155,Case 3,4,False
76,173,Case 3,6,False
76,187,Case 3,10,False
76,191,Case 3,14,False
76,197,Case 3,6,False
76,269,Case 3,6,False
76,341,Case 3,6,False
76,367,Case 3,6,False
76,389,Case 3,6,False
76,569,Case 3,6,False
76,577,Case 3,4,False
76,619,Case 3,2,True
76,637,Case 3,4,False
76,655,Case 3,6,False
76,659,Case 3,8,False
76,695,Case 3,12,False
76,757,Case 3,4,False
76,809,Case 3,6,False
76,853,Case 3,12,False
76,901,Case 3,8,False
76,983,Case 3,4,False
76,989,Case 3,6,False
78,49,Case 3,6,False
78,53,Case 3,2,True
78,59,Case 3,8,False
78,61,Case 3,4,False
78,71,Case 3,6,False
78,97,Case 3,6,False
78,121,Case 3,6,False
78,127,Case 3,4,False
78,139,Case 3,6,False
78,145,Case 3,6,False
78,179,Case 3,8,False
78,181,Case 3,4,False
78,185,Case 3,8,False
78,223,Case 3,8,False
78,233,Case 3,4,False
78,235,Case 3,10,False
78,283,Case 3,6,False
78,311,Case 3,10,False
78,313,Case 3,4,False
78,319,Case 3,10,False
78,337,Case 3,4,False
78,349,Case 3,4,False
78,367,Case 3,10,False
78,379,Case 3,10,False
78,467,Case 3,4,False
78,499,Case 3,2,True
78,581,Case 3,10,False
78,583,Case 3,6,False
78,605,Case 3,10,False
78,643,Case 3,6,False
78,649,Case 3,4,False
78,671,Case 3,8,False
78,673,Case 3,8,False
78,697,Case 3,8,False
78,701,Case 3,6,False
78,755,Case 3,12,False
78,785,Case 3,10,False
78,809,Case 3,10,False
78,827,Case 3,8,False
78,847,Case 3,6,False
78,895,Case 3,6,False
80,49,Case 3,2,True
80,149,Case 3,2,True
80,187,Case 3,10,False
80,221,Case 3,10,False
80,239,Case 3,6,False
80,293,Case 3,2,True
80,299,Case 3,8,False
80,329,Case 3,6,False
80,401,Case 3,6,False
80,457,Case 3,4,False
80,473,Case 3,2,True
80,491,Case 3,12,False
80,517,Case 3,8,False
80,589,Case 3,4,False
80,601,Case 3,12,False
80,619,Case 3,6,False
80,691,Case 3,6,False
80,709,Case 3,8,False
80,869,Case 3,6,False
80,887,Case 3,8,False
80,947,Case 3,4,False
80,959,Case 3,8,False
80,997,Case 3,4,False
82,5,Case 3,6,False
82,29,Case 3,6,False
82,43,Case 3,6,False
82,77,Case 3,6,False
82,169,Case 3,2,True
82,173,Case 3,2,True
82,175,Case 3,4,False
82,211,Case 3,10,False
82,227,Case 3,8,False
82,239,Case 3,2,True
82,265,Case 3,2,True
82,311,Case 3,6,False
82,317,Case 3,6,False
82,319,Case 3,4,False
82,331,Case 3,2,True
82,335,Case 3,4,False
82,367,Case 3,6,False
82,455,Case 3,4,False
82,463,Case 3,2,True
82,493,Case 3,4,False
82,497,Case 3,6,False
82,511,Case 3,6,False
82,545,Case 3,10,False
82,569,Case 3,2,True
82,659,Case 3,4,False
82,671,Case 3,8,False
82,803,Case 3,4,False
82,821,Case 3,10,False
82,907,Case 3,6,False
82,949,Case 3,4,False
82,995,Case 3,4,False
84,1,Case 3,2,True
84,13,Case 3,4,False
84,71,Case 3,6,False
84,115,Case 3,6,False
84,145,Case 3,6,False
84,173,Case 3,10,False
84,187,Case 3,6,False
84,211,Case 3,2,True
84,221,Case 3,6,False
84,239,Case 3,2,True
84,299,Case 3,4,False
84,307,Case 3,6,False
84,365,Case 3,6,False
84,397,Case 3,4,False
84,409,Case 3,4,False
84,443,Case 3,4,False
84,451,Case 3,14,False
84,473,Case 3,2,True
84,475,Case 3,6,False
84,509,Case 3,2,True
84,569,Case 3,6,False
84,589,Case 3,8,False
84,625,Case 3,8,False
84,673,Case 3,12,False
84,691,Case 3,10,False
84,731,Case 3,4,False
84,739,Case 3,10,False
84,761,Case 3,10,False
84,809,Case 3,10,False
84,815,Case 3,4,False
84,883,Case 3,2,True
84,965,Case 3,14,False
86,1,Case 3,6,False
86,7,Case 3,4,False
86,25,Case 3,2,True
86,65,Case 3,4,False
86,71,Case 3,2,True
86,83,Case 3,4,False
86,109,Case 3,8,False
86,125,Case 3,6,False
86,191,Case 3,10,False
86,217,Case 3,2,True
86,223,Case 3,4,False
86,259,Case 3,2,True
86,287,Case 3,2,True
86,295,Case 3,8,False
86,317,Case 3,2,True
86,323,Case 3,4,False
86,377,Case 3,10,False
86,415,Case 3,2,True
86,421,Case 3,8,False
86,449,Case 3,2,True
86,475,Case 3,2,True
86,493,Case 3,8,False
86,577,Case 3,4,False
86,601,Case 3,8,False
86,647,Case 3,12,False
86,649,Case 3,4,False
86,673,Case 3,8,False
86,791,Case 3,8,False
86,865,Case 3,4,False
86,899,Case 3,8,False
86,935,Case 3,12,False
88,35,Case 3,4,False
88,139,Case 3,6,False
88,197,Case 3,6,False
88,199,Case 3,4,False
88,271,Case 3,4,False
88,311,Case 3,10,False
88,323,Case 3,4,False
88,343,Case 3,4,False
88,373,Case 3,8,False
88,377,Case 3,2,True
88,391,Case 3,10,False
88,397,Case 3,8,False
88,409,Case 3,4,False
88,413,Case 3,6,False
88,449,Case 3,2,True
88,467,Case 3,4,False
88,523,Case 3,6,False
88,545,Case 3,6,False
88,617,Case 3,6,False
88,683,Case 3,8,False
88,703,Case 3,10,False
88,719,Case 3,4,False
88,721,Case 3,8,False
88,761,Case 3,6,False
88,877,Case 3,8,False
88,887,Case 3,8,False
88,895,Case 3,6,False
88,917,Case 3,6,False
88,955,Case 3,2,True
88,959,Case 3,8,False
88,995,Case 3,4,False
90,17,Case 3,8,False
90,29,Case 3,10,False
90,49,Case 3,6,False
90,67,Case 3,6,False
90,83,Case 3,8,False
90,91,Case 3,10,False
90,113,Case 3,12,False
90,181,Case 3,8,False
90,191,Case 3,2,True
90,197,Case 3,10,False
90,209,Case 3,4,False
90,217,Case 3,6,False
90,223,Case 3,4,False
90,347,Case 3,4,False
90,353,Case 3,8,False
90,373,Case 3,4,False
90,491,Case 3,8,False
90,503,Case 3,4,False
90,533,Case 3,2,True
90,583,Case 3,6,False
90,677,Case 3,2,True
90,697,Case 3,12,False
90,701,Case 3,6,False
90,707,Case 3,4,False
90,731,Case 3,8,False
90,751,Case 3,6,False
90,763,Case 3,10,False
90,817,Case 3,8,False
90,833,Case 3,14,False
90,847,Case 3,6,False
90,899,Case 3,8,False
90,919,Case 3,6,False
90,941,Case 3,10,False
90,979,Case 3,6,False
90,983,Case 3,12,False
92,85,Case 3,4,False
92,95,Case 3,6,False
92,125,Case 3,6,False
92,157,Case 3,4,False
92,163,Case 3,2,True
92,193,Case 3,10,False
92,197,Case 3,10,False
92,221,Case 3,6,False
92,235,Case 3,6,False
92,257,Case 3,8,False
92,287,Case 3,6,False
92,355,Case 3,6,False
92,379,Case 3,6,False
92,383,Case 3,8,False
92,415,Case 3,6,False
92,419,Case 3,4,False
92,467,Case 3,4,False
92,593,Case 3,6,False
92,649,Case 3,8,False
92,665,Case 3,6,False
92,671,Case 3,4,False
92,707,Case 3,4,False
92,725,Case 3,6,False
92,733,Case 3,4,False
92,737,Case 3,6,False
92,757,Case 3,8,False
92,773,Case 3,2,True
92,833,Case 3,6,False
92,841,Case 3,8,False
92,895,Case 3,2,True
92,923,Case 3,8,False
92,959,Case 3,8,False
94,19,Case 3,10,False
94,25,Case 3,6,False
94,35,Case 3,4,False
94,65,Case 3,4,False
94,179,Case 3,4,False
94,209,Case 3,8,False
94,281,Case 3,4,False
94,289,Case 3,6,False
94,331,Case 3,2,True
94,353,Case 3,4,False
94,359,Case 3,10,False
94,461,Case 3,6,False
94,493,Case 3,4,False
94,497,Case 3,2,True
94,559,Case 3,14,False
94,613,Case 3,4,False
94,631,Case 3,6,False
94,731,Case 3,4,False
94,745,Case 3,4,False
94,871,Case 3,6,False
94,889,Case 3,8,False
94,901,Case 3,4,False
94,911,Case 3,8,False
94,937,Case 3,4,False
96,49,Case 3,6,False
96,65,Case 3,8,False
96,73,Case 3,6,False
96,121,Case 3,6,False
96,127,Case 3,8,False
96,143,Case 3,6,False
96,155,Case 3,4,False
96,229,Case 3,8,False
96,253,Case 3,4,False
96,263,Case 3,10,False
96,269,Case 3,6,False
96,271,Case 3,4,False
96,295,Case 3,12,False
96,301,Case 3,8,False
96,325,Case 3,4,False
96,329,Case 3,4,False
96,367,Case 3,4,False
96,373,Case 3,8,False
96,379,Case 3,2,True
96,397,Case 3,4,False
96,413,Case 3,6,False
96,505,Case 3,8,False
96,511,Case 3,6,False
96,515,Case 3,8,False
96,521,Case 3,6,False
96,559,Case 3,6,False
96,631,Case 3,14,False
96,643,Case 3,2,True
96,683,Case 3,12,False
96,713,Case 3,10,False
96,721,Case 3,8,False
96,725,Case 3,6,False
96,755,Case 3,12,False
96,775,Case 3,6,False
96,809,Case 3,2,True
96,815,Case 3,8,False
96,857,Case 3,10,False
96,893,Case 3,6,False
96,901,Case 3,4,False
96,941,Case 3,6,False
96,979,Case 3,6,False
96,983,Case 3,4,False
98,67,Case 3,6,False
98,83,Case 3,4,False
98,95,Case 3,6,False
98,131,Case 3,8,False
98,137,Case 3,4,False
98,205,Case 3,12,False
98,209,Case 3,8,False
98,263,Case 3,6,False
98,283,Case 3,6,False
98,295,Case 3,4,False
98,299,Case 3,4,False
98,317,Case 3,6,False
98,347,Case 3,8,False
98,421,Case 3,8,False
98,457,Case 3,4,False
98,461,Case 3,10,False
98,475,Case 3,6,False
98,481,Case 3,8,False
98,509,Case 3,6,False
98,535,Case 3,14,False
98,563,Case 3,8,False
98,565,Case 3,4,False
98,571,Case 3,6,False
98,583,Case 3,6,False
98,671,Case 3,12,False
98,695,Case 3,4,False
98,727,Case 3,6,False
98,799,Case 3,6,False
98,823,Case 3,6,False
98,893,Case 3,6,False
98,925,Case 3,8,False
98,967,Case 3,10,False
100,23,Case 3,10,False
100,97,Case 3,6,False
100,151,Case 3,8,False
100,157,Case 3,8,False
100,169,Case 3,6,False
100,203,Case 3,8,False
100,221,Case 3,10,False
100,227,Case 3,8,False
100,229,Case 3,4,False
100,259,Case 3,10,False
100,337,Case 3,6,False
100,389,Case 3,2,True
100,407,Case 3,4,False
100,493,Case 3,8,False
100,527,Case 3,8,False
100,553,Case 3,4,False
100,623,Case 3,4,False
100,671,Case 3,4,False
100,749,Case 3,10,False
100,763,Case 3,6,False
100,779,Case 3,4,False
100,797,Case 3,10,False
100,887,Case 3,4,False
100,931,Case 3,6,False
100,949,Case 3,8,False
102,37,Case 3,4,False
102,53,Case 3,2,True
102,109,Case 3,4,False
102,125,Case 3,10,False
102,169,Case 3,2,True
102,199,Case 3,4,False
102,257,Case 3,8,False
102,275,Case 3,4,False
102,403,Case 3,2,True
102,407,Case 3,6,False
102,419,Case 3,8,False
102,451,Case 3,6,False
102,457,Case 3,8,False
102,473,Case 3,2,True
102,505,Case 3,12,False
102,515,Case 3,12,False
102,517,Case 3,8,False
102,529,Case 3,4,False
102,533,Case 3,6,False
102,535,Case 3,6,False
102,541,Case 3,4,False
102,593,Case 3,2,True
102,623,Case 3,8,False
102,667,Case 3,6,False
102,761,Case 3,10,False
102,775,Case 3,6,False
102,787,Case 3,10,False
102,803,Case 3,4,False
102,895,Case 3,6,False
102,907,Case 3,2,True
102,919,Case 3,2,True
102,925,Case 3,8,False
102,929,Case 3,2,True
102,967,Case 3,2,True
102,979,Case 3,14,False
104,11,Case 3,8,False
104,29,Case 3,10,False
104,37,Case 3,8,False
104,115,Case 3,6,False
104,125,Case 3,10,False
104,151,Case 3,4,False
104,161,Case 3,8,False
104,173,Case 3,6,False
104,223,Case 3,8,False
104,263,Case 3,6,False
104,287,Case 3,2,True
104,323,Case 3,4,False
104,343,Case 3,4,False
104,389,Case 3,6,False
104,395,Case 3,4,False
104,425,Case 3,2,True
104,461,Case 3,2,True
104,629,Case 3,6,False
104,703,Case 3,10,False
104,785,Case 3,6,False
104,821,Case 3,2,True
104,829,Case 3,4,False
104,835,Case 3,6,False
104,883,Case 3,6,False
104,907,Case 3,2,True
104,955,Case 3,6,False
104,971,Case 3,8,False
106,35,Case 3,8,False
106,59,Case 3,4,False
106,125,Case 3,2,True
106,161,Case 3,4,False
106,163,Case 3,6,False
106,185,Case 3,4,False
106,217,Case 3,2,True
106,221,Case 3,6,False
106,247,Case 3,8,False
106,253,Case 3,8,False
106,293,Case 3,2,True
106,355,Case 3,6,False
106,401,Case 3,4,False
106,419,Case 3,8,False
106,431,Case 3,4,False
106,463,Case 3,6,False
106,509,Case 3,6,False
106,521,Case 3,6,False
106,545,Case 3,6,False
106,593,Case 3,6,False
106,635,Case 3,4,False
106,653,Case 3,2,True
106,685,Case 3,4,False
106,697,Case 3,12,False
106,739,Case 3,6,False
106,805,Case 3,8,False
106,811,Case 3,6,False
106,935,Case 3,8,False
106,941,Case 3,10,False
108,29,Case 3,2,True
108,83,Case 3,4,False
108,91,Case 3,10,False
108,109,Case 3,4,False
108,125,Case 3,10,False
108,131,Case 3,8,False
108,139,Case 3,6,False
108,161,Case 3,8,False
108,179,Case 3,8,False
108,181,Case 3,8,False
108,203,Case 3,8,False
108,235,Case 3,6,False
108,257,Case 3,4,False
108,269,Case 3,2,True
108,305,Case 3,8,False
108,311,Case 3,6,False
108,347,Case 3,4,False
108,377,Case 3,4,False
108,385,Case 3,14,False
108,397,Case 3,8,False
108,407,Case 3,6,False
108,473,Case 3,6,False
108,491,Case 3,4,False
108,505,Case 3,4,False
108,511,Case 3,6,False
108,517,Case 3,8,False
108,547,Case 3,6,False
108,589,Case 3,4,False
108,593,Case 3,2,True
108,611,Case 3,4,False
108,731,Case 3,8,False
108,743,Case 3,4,False
108,785,Case 3,6,False
108,793,Case 3,8,False
108,833,Case 3,6,False
108,835,Case 3,10,False
108,847,Case 3,14,False
108,853,Case 3,4,False
108,875,Case 3,12,False
108,883,Case 3,2,True
108,991,Case 3,2,True
110,41,Case 3,8,False
110,67,Case 3,6,False
110,197,Case 3,2,True
110,203,Case 3,4,False
110,217,Case 3,2,True
110,221,Case 3,6,False
110,251,Case 3,8,False
110,271,Case 3,8,False
110,293,Case 3,6,False
110,409,Case 3,6,False
110,469,Case 3,8,False
110,481,Case 3,4,False
110,509,Case 3,10,False
110,557,Case 3,6,False
110,581,Case 3,2,True
110,617,Case 3,6,False
110,683,Case 3,4,False
110,719,Case 3,12,False
110,721,Case 3,4,False
110,833,Case 3,6,False
110,859,Case 3,6,False
110,989,Case 3,6,False
112,43,Case 3,10,False
112,55,Case 3,8,False
112,83,Case 3,4,False
112,97,Case 3,2,True
112,145,Case 3,2,True
112,277,Case 3,4,False
112,281,Case 3,4,False
112,313,Case 3,6,False
112,353,Case 3,4,False
112,359,Case 3,6,False
112,379,Case 3,6,False
112,431,Case 3,6,False
112,449,Case 3,6,False
112,485,Case 3,6,False
112,493,Case 3,4,False
112,503,Case 3,8,False
112,547,Case 3,10,False
112,575,Case 3,8,False
112,587,Case 3,8,False
112,593,Case 3,10,False
112,695,Case 3,8,False
112,793,Case 3,8,False
112,835,Case 3,10,False
112,881,Case 3,10,False
112,955,Case 3,6,False
114,11,Case 3,4,False
114,67,Case 3,2,True
114,71,Case 3,10,False
114,85,Case 3,8,False
114,101,Case 3,6,False
114,109,Case 3,8,False
114,113,Case 3,8,False
114,131,Case 3,4,False
114,151,Case 3,8,False
114,203,Case 3,8,False
114,217,Case 3,6,False
114,241,Case 3,6,False
114,275,Case 3,8,False
114,277,Case 3,4,False
114,287,Case 3,14,False
114,355,Case 3,6,False
114,391,Case 3,8,False
114,401,Case 3,4,False
114,407,Case 3,6,False
114,413,Case 3,6,False
114,415,Case 3,8,False
114,431,Case 3,6,False
114,449,Case 3,4,False
114,463,Case 3,6,False
114,481,Case 3,8,False
114,517,Case 3,4,False
114,559,Case 3,6,False
114,583,Case 3,10,False
114,605,Case 3,10,False
114,625,Case 3,8,False
114,647,Case 3,12,False
114,761,Case 3,2,True
114,905,Case 3,6,False
114,913,Case 3,4,False
114,941,Case 3,10,False
114,991,Case 3,2,True
116,25,Case 3,2,True
116,31,Case 3,8,False
116,65,Case 3,4,False
116,77,Case 3,2,True
116,137,Case 3,8,False
116,149,Case 3,6,False
116,209,Case 3,4,False
116,275,Case 3,4,False
116,277,Case 3,4,False
116,281,Case 3,4,False
116,283,Case 3,6,False
116,301,Case 3,8,False
116,335,Case 3,6,False
116,409,Case 3,6,False
116,445,Case 3,4,False
116,455,Case 3,6,False
116,515,Case 3,4,False
116,587,Case 3,4,False
116,605,Case 3,10,False
116,653,Case 3,2,True
116,731,Case 3,8,False
116,787,Case 3,10,False
116,941,Case 3,6,False
116,979,Case 3,6,False
116,997,Case 3,8,False
118,7,Case 3,8,False
118,11,Case 3,4,False
118,31,Case 3,8,False
118,77,Case 3,6,False
118,113,Case 3,4,False
118,121,Case 3,6,False
118,169,Case 3,6,False
118,193,Case 3,6,False
118,227,Case 3,4,False
118,331,Case 3,6,False
118,401,Case 3,4,False
118,455,Case 3,10,False
118,479,Case 3,4,False
118,529,Case 3,4,False
118,589,Case 3,8,False
118,635,Case 3,12,False
118,637,Case 3,8,False
118,659,Case 3,8,False
118,763,Case 3,6,False
118,797,Case 3,6,False
118,851,Case 3,4,False
118,943,Case 3,14,False
120,127,Case 3,4,False
120,139,Case 3,6,False
120,179,Case 3,4,False
120,217,Case 3,2,True
120,259,Case 3,6,False
120,341,Case 3,2,True
120,383,Case 3,6,False
120,443,Case 3,4,False
120,451,Case 3,6,False
120,467,Case 3,4,False
120,533,Case 3,10,False
120,563,Case 3,12,False
120,581,Case 3,6,False
120,611,Case 3,4,False
120,613,Case 3,4,False
120,691,Case 3,2,True
120,731,Case 3,4,False
120,767,Case 3,8,False
120,809,Case 3,6,False
120,869,Case 3,6,False
120,979,Case 3,6,False
122,91,Case 3,6,False
122,97,Case 3,6,False
122,127,Case 3,4,False
122,143,Case 3,10,False
122,145,Case 3,6,False
122,187,Case 3,2,True
122,281,Case 3,4,False
122,323,Case 3,4,False
122,335,Case 3,6,False
122,349,Case 3,4,False
122,371,Case 3,4,False
122,395,Case 3,4,False
122,407,Case 3,6,False
122,421,Case 3,8,False
122,443,Case 3,4,False
122,449,Case 3,4,False
122,503,Case 3,4,False
122,523,Case 3,10,False
122,541,Case 3,8,False
122,575,Case 3,8,False
122,577,Case 3,8,False
122,673,Case 3,4,False
122,709,Case 3,4,False
122,713,Case 3,6,False
122,829,Case 3,4,False
122,845,Case 3,6,False
122,871,Case 3,14,False
122,875,Case 3,8,False
122,925,Case 3,8,False
122,965,Case 3,6,False
122,979,Case 3,6,False
124,5,Case 3,2,True
124,35,Case 3,8,False
124,91,Case 3,10,False
124,125,Case 3,6,False
124,143,Case 3,2,True
124,211,Case 3,10,False
124,235,Case 3,2,True
124,287,Case 3,10,False
124,319,Case 3,8,False
124,325,Case 3,8,False
124,329,Case 3,4,False
124,419,Case 3,8,False
124,437,Case 3,6,False
124,469,Case 3,4,False
124,473,Case 3,4,False
124,481,Case 3,2,True
124,487,Case 3,4,False
124,509,Case 3,6,False
124,521,Case 3,6,False
124,523,Case 3,2,True
124,541,Case 3,4,False
124,577,Case 3,4,False
124,595,Case 3,14,False
124,665,Case 3,2,True
124,779,Case 3,4,False
124,805,Case 3,12,False
124,847,Case 3,6,False
124,851,Case 3,12,False
124,973,Case 3,8,False
126,25,Case 3,10,False
126,41,Case 3,4,False
126,43,Case 3,2,True
126,47,Case 3,6,False
126,65,Case 3,12,False
126,73,Case 3,6,False
126,97,Case 3,6,False
126,107,Case 3,8,False
126,131,Case 3,8,False
126,155,Case 3,8,False
126,163,Case 3,6,False
126,227,Case 3,4,False
126,235,Case 3,10,False
126,241,Case 3,2,True
126,323,Case 3,8,False
126,419,Case 3,4,False
126,421,Case 3,4,False
126,493,Case 3,8,False
126,535,Case 3,6,False
126,547,Case 3,6,False
126,583,Case 3,2,True
126,667,Case 3,6,False
126,701,Case 3,10,False
126,719,Case 3,8,False
126,733,Case 3,12,False
126,751,Case 3,10,False
126,827,Case 3,8,False
126,829,Case 3,4,False
126,869,Case 3,6,False
126,871,Case 3,10,False
126,895,Case 3,6,False
126,935,Case 3,8,False
126,991,Case 3,6,False
128,49,Case 3,6,False
128,67,Case 3,6,False
128,85,Case 3,4,False
128,131,Case 3,4,False
128,251,Case 3,8,False
128,253,Case 3,8,False
128,265,Case 3,6,False
128,305,Case 3,8,False
128,323,Case 3,8,False
128,325,Case 3,8,False
128,337,Case 3,6,False
128,379,Case 3,6,False
128,409,Case 3,10,False
128,437,Case 3,6,False
128,449,Case 3,4,False
128,455,Case 3,2,True
128,463,Case 3,4,False
128,467,Case 3,8,False
128,545,Case 3,2,True
128,577,Case 3,4,False
128,581,Case 3,6,False
128,611,Case 3,8,False
128,649,Case 3,4,False
128,683,Case 3,8,False
128,773,Case 3,2,True
128,779,Case 3,8,False
128,791,Case 3,8,False
128,865,Case 3,4,False
128,899,Case 3,8,False
128,905,Case 3,10,False
128,953,Case 3,10,False
128,977,Case 3,2,True
130,1,Case 3,2,True
130,7,Case 3,8,False
130,11,Case 3,4,False
130,133,Case 3,8,False
130,137,Case 3,4,False
130,161,Case 3,4,False
130,307,Case 3,2,True
130,313,Case 3,2,True
130,359,Case 3,2,True
130,379,Case 3,6,False
130,451,Case 3,6,False
130,461,Case 3,2,True
130,467,Case 3,8,False
130,469,Case 3,4,False
130,511,Case 3,4,False
130,521,Case 3,6,False
130,529,Case 3,4,False
130,551,Case 3,4,False
130,619,Case 3,6,False
130,623,Case 3,4,False
130,673,Case 3,16,False
130,683,Case 3,4,False
130,703,Case 3,6,False
130,709,Case 3,12,False
130,737,Case 3,6,False
130,757,Case 3,4,False
130,763,Case 3,10,False
130,781,Case 3,8,False
130,821,Case 3,10,False
130,953,Case 3,10,False
132,13,Case 3,4,False
132,103,Case 3,8,False
132,107,Case 3,4,False
132,239,Case 3,6,False
132,245,Case 3,14,False
132,287,Case 3,6,False
132,325,Case 3,12,False
132,329,Case 3,12,False
132,365,Case 3,6,False
132,391,Case 3,8,False
132,397,Case 3,4,False
132,413,Case 3,6,False
132,431,Case 3,6,False
132,443,Case 3,4,False
132,497,Case 3,8,False
132,499,Case 3,6,False
132,503,Case 3,2,True
132,529,Case 3,8,False
132,545,Case 3,6,False
132,563,Case 3,8,False
132,587,Case 3,12,False
132,631,Case 3,2,True
132,653,Case 3,10,False
132,685,Case 3,8,False
132,743,Case 3,4,False
132,763,Case 3,10,False
132,773,Case 3,6,False
132,863,Case 3,8,False
132,877,Case 3,8,False
132,905,Case 3,6,False
132,929,Case 3,6,False
132,931,Case 3,10,False
132,937,Case 3,12,False
132,953,Case 3,6,False
132,977,Case 3,6,False
134,157,Case 3,12,False
134,169,Case 3,10,False
134,227,Case 3,8,False
134,229,Case 3,4,False
134,283,Case 3,6,False
134,293,Case 3,6,False
134,329,Case 3,4,False
134,349,Case 3,4,False
134,389,Case 3,6,False
134,407,Case 3,2,True
134,473,Case 3,8,False
134,481,Case 3,6,False
134,493,Case 3,8,False
134,547,Case 3,10,False
134,563,Case 3,4,False
134,587,Case 3,8,False
134,589,Case 3,4,False
134,607,Case 3,6,False
134,623,Case 3,4,False
134,697,Case 3,4,False
134,715,Case 3,2,True
134,781,Case 3,8,False
134,835,Case 3,10,False
134,943,Case 3,6,False
134,949,Case 3,12,False
134,961,Case 3,8,False
136,49,Case 3,6,False
136,61,Case 3,4,False
136,83,Case 3,8,False
136,115,Case 3,6,False
136,121,Case 3,6,False
136,139,Case 3,10,False
136,209,Case 3,4,False
136,265,Case 3,6,False
136,295,Case 3,8,False
136,311,Case 3,6,False
136,335,Case 3,14,False
136,337,Case 3,6,False
136,349,Case 3,12,False
136,355,Case 3,2,True
136,365,Case 3,6,False
136,389,Case 3,6,False
136,403,Case 3,2,True
136,421,Case 3,4,False
136,443,Case 3,8,False
136,455,Case 3,2,True
136,553,Case 3,12,False
136,605,Case 3,6,False
136,617,Case 3,6,False
136,643,Case 3,6,False
136,659,Case 3,4,False
136,689,Case 3,10,False
136,695,Case 3,8,False
136,725,Case 3,10,False
136,761,Case 3,2,True
136,853,Case 3,12,False
136,859,Case 3,10,False
136,941,Case 3,6,False
138,1,Case 3,6,False
138,13,Case 3,4,False
138,29,Case 3,14,False
138,35,Case 3,8,False
138,59,Case 3,4,False
138,73,Case 3,6,False
138,97,Case 3,6,False
138,169,Case 3,2,True
138,175,Case 3,4,False
138,229,Case 3,4,False
138,277,Case 3,8,False
138,331,Case 3,10,False
138,373,Case 3,4,False
138,395,Case 3,4,False
138,403,Case 3,10,False
138,475,Case 3,10,False
138,487,Case 3,4,False
138,557,Case 3,6,False
138,559,Case 3,6,False
138,565,Case 3,8,False
138,595,Case 3,6,False
138,629,Case 3,2,True
138,631,Case 3,6,False
138,695,Case 3,8,False
138,733,Case 3,4,False
138,749,Case 3,6,False
138,781,Case 3,12,False
138,829,Case 3,8,False
138,847,Case 3,10,False
138,883,Case 3,2,True
138,887,Case 3,8,False
138,889,Case 3,12,False
138,893,Case 3,6,False
138,923,Case 3,8,False
138,947,Case 3,12,False
138,965,Case 3,10,False
140,17,Case 3,12,False
140,43,Case 3,6,False
140,53,Case 3,10,False
140,61,Case 3,4,False
140,101,Case 3,6,False
140,179,Case 3,16,False
140,251,Case 3,8,False
140,263,Case 3,6,False
140,299,Case 3,8,False
140,323,Case 3,8,False
140,379,Case 3,6,False
140,389,Case 3,6,False
140,449,Case 3,4,False
140,451,Case 3,6,False
140,493,Case 3,8,False
140,523,Case 3,6,False
140,613,Case 3,8,False
140,647,Case 3,8,False
140,659,Case 3,4,False
140,667,Case 3,6,False
140,817,Case 3,8,False
140,871,Case 3,6,False
140,883,Case 3,6,False
140,929,Case 3,6,False
142,1,Case 3,6,False
142,17,Case 3,4,False
142,41,Case 3,4,False
142,67,Case 3,6,False
142,95,Case 3,6,False
142,125,Case 3,6,False
142,143,Case 3,6,False
142,185,Case 3,8,False
142,235,Case 3,2,True
142,253,Case 3,8,False
142,275,Case 3,4,False
142,325,Case 3,4,False
142,365,Case 3,10,False
142,383,Case 3,2,True
142,431,Case 3,2,True
142,433,Case 3,6,False
142,517,Case 3,12,False
142,607,Case 3,2,True
142,649,Case 3,8,False
142,689,Case 3,6,False
142,715,Case 3,2,True
142,779,Case 3,12,False
142,841,Case 3,12,False
142,955,Case 3,6,False
144,17,Case 3,4,False
144,35,Case 3,12,False
144,83,Case 3,4,False
144,85,Case 3,12,False
144,103,Case 3,4,False
144,107,Case 3,4,False
144,127,Case 3,4,False
144,185,Case 3,8,False
144,217,Case 3,6,False
144,277,Case 3,8,False
144,281,Case 3,8,False
144,299,Case 3,4,False
144,359,Case 3,6,False
144,425,Case 3,8,False
144,433,Case 3,6,False
144,475,Case 3,10,False
144,497,Case 3,8,False
144,545,Case 3,12,False
144,557,Case 3,10,False
144,575,Case 3,10,False
144,649,Case 3,8,False
144,665,Case 3,10,False
144,677,Case 3,6,False
144,697,Case 3,8,False
144,757,Case 3,8,False
144,787,Case 3,6,False
144,833,Case 3,10,False
144,865,Case 3,12,False
144,893,Case 3,10,False
144,917,Case 3,10,False
144,985,Case 3,4,False
146,71,Case 3,6,False
146,91,Case 3,10,False
146,139,Case 3,6,False
146,149,Case 3,6,False
146,175,Case 3,4,False
146,311,Case 3,2,True
146,337,Case 3,6,False
146,347,Case 3,4,False
146,355,Case 3,6,False
146,379,Case 3,6,False
146,383,Case 3,6,False
146,395,Case 3,4,False
146,445,Case 3,8,False
146,523,Case 3,6,False
146,563,Case 3,8,False
146,589,Case 3,8,False
146,595,Case 3,6,False
146,635,Case 3,12,False
146,661,Case 3,8,False
146,683,Case 3,8,False
146,703,Case 3,6,False
146,779,Case 3,4,False
146,791,Case 3,4,False
146,869,Case 3,10,False
146,877,Case 3,8,False
148,35,Case 3,12,False
148,79,Case 3,8,False
148,97,Case 3,6,False
148,101,Case 3,6,False
148,115,Case 3,6,False
148,119,Case 3,6,False
148,151,Case 3,12,False
148,187,Case 3,10,False
148,245,Case 3,2,True
148,289,Case 3,6,False
148,307,Case 3,6,False
148,353,Case 3,4,False
148,397,Case 3,16,False
148,431,Case 3,6,False
148,461,Case 3,6,False
148,493,Case 3,8,False
148,497,Case 3,8,False
148,503,Case 3,6,False
148,523,Case 3,2,True
148,557,Case 3,6,False
148,565,Case 3,8,False
148,577,Case 3,6,False
148,583,Case 3,12,False
148,641,Case 3,2,True
148,647,Case 3,8,False
148,659,Case 3,4,False
148,667,Case 3,6,False
148,673,Case 3,8,False
148,727,Case 3,6,False
148,785,Case 3,6,False
148,881,Case 3,2,True
148,935,Case 3,8,False
148,997,Case 3,8,False
150,11,Case 3,8,False
150,13,Case 3,8,False
150,79,Case 3,12,False
150,119,Case 3,6,False
150,193,Case 3,6,False
150,209,Case 3,12,False
150,331,Case 3,2,True
150,373,Case 3,4,False
150,449,Case 3,4,False
150,511,Case 3,4,False
150,541,Case 3,8,False
150,571,Case 3,6,False
150,583,Case 3,8,False
150,607,Case 3,2,True
150,611,Case 3,8,False
150,659,Case 3,12,False
150,727,Case 3,6,False
150,761,Case 3,6,False
150,769,Case 3,8,False
150,773,Case 3,6,False
150,781,Case 3,4,False
150,811,Case 3,6,False
150,823,Case 3,10,False
150,839,Case 3,8,False
150,853,Case 3,8,False
150,857,Case 3,14,False
150,863,Case 3,8,False
150,871,Case 3,6,False
150,893,Case 3,2,True
150,923,Case 3,12,False
152,13,Case 3,12,False
152,23,Case 3,2,True
152,101,Case 3,10,False
152,119,Case 3,2,True
152,155,Case 3,4,False
152,187,Case 3,6,False
152,203,Case 3,8,False
152,257,Case 3,4,False
152,281,Case 3,4,False
152,283,Case 3,10,False
152,371,Case 3,4,False
152,383,Case 3,6,False
152,409,Case 3,6,False
152,443,Case 3,12,False
152,457,Case 3,6,False
152,491,Case 3,4,False
152,493,Case 3,4,False
152,545,Case 3,8,False
152,565,Case 3,4,False
152,619,Case 3,2,True
152,637,Case 3,4,False
152,659,Case 3,8,False
152,661,Case 3,4,False
152,727,Case 3,6,False
152,733,Case 3,4,False
152,799,Case 3,10,False
152,859,Case 3,6,False
152,907,Case 3,6,False
152,959,Case 3,4,False
152,961,Case 3,8,False
154,43,Case 3,2,True
154,61,Case 3,4,False
154,79,Case 3,8,False
154,101,Case 3,10,False
154,115,Case 3,6,False
154,263,Case 3,6,False
154,265,Case 3,6,False
154,295,Case 3,4,False
154,313,Case 3,6,False
154,389,Case 3,6,False
154,409,Case 3,6,False
154,439,Case 3,8,False
154,499,Case 3,2,True
154,509,Case 3,6,False
154,545,Case 3,4,False
154,565,Case 3,12,False
154,653,Case 3,10,False
154,785,Case 3,2,True
154,835,Case 3,10,False
154,877,Case 3,8,False
154,925,Case 3,4,False
154,985,Case 3,4,False
156,17,Case 3,12,False
156,103,Case 3,8,False
156,161,Case 3,4,False
156,181,Case 3,4,False
156,241,Case 3,6,False
156,275,Case 3,12,False
156,371,Case 3,4,False
156,397,Case 3,4,False
156,421,Case 3,4,False
156,439,Case 3,8,False
156,485,Case 3,10,False
156,527,Case 3,2,True
156,679,Case 3,6,False
156,707,Case 3,8,False
156,745,Case 3,8,False
156,811,Case 3,6,False
156,841,Case 3,4,False
156,847,Case 3,2,True
156,853,Case 3,4,False
156,877,Case 3,8,False
156,883,Case 3,6,False
156,925,Case 3,8,False
156,985,Case 3,4,False
158,7,Case 3,8,False
158,83,Case 3,4,False
158,97,Case 3,6,False
158,115,Case 3,2,True
158,119,Case 3,10,False
158,155,Case 3,8,False
158,173,Case 3,10,False
158,191,Case 3,10,False
158,197,Case 3,6,False
158,215,Case 3,2,True
158,325,Case 3,4,False
158,361,Case 3,6,False
158,379,Case 3,6,False
158,631,Case 3,8,False
158,719,Case 3,4,False
158,763,Case 3,2,True
158,767,Case 3,4,False
158,835,Case 3,6,False
158,839,Case 3,4,False
158,845,Case 3,6,False
158,865,Case 3,4,False
158,971,Case 3,4,False
160,49,Case 3,6,False
160,143,Case 3,2,True
160,283,Case 3,6,False
160,289,Case 3,6,False
160,319,Case 3,4,False
160,361,Case 3,2,True
160,377,Case 3,4,False
160,433,Case 3,2,True
160,467,Case 3,4,False
160,469,Case 3,4,False
160,487,Case 3,8,False
160,527,Case 3,6,False
160,559,Case 3,8,False
160,683,Case 3,8,False
160,721,Case 3,8,False
160,773,Case 3,6,False
160,787,Case 3,6,False
160,937,Case 3,4,False
162,13,Case 3,4,False
162,37,Case 3,12,False
162,89,Case 3,12,False
162,155,Case 3,8,False
162,199,Case 3,4,False
162,205,Case 3,8,False
162,233,Case 3,4,False
162,241,Case 3,6,False
162,325,Case 3,4,False
162,335,Case 3,10,False
162,407,Case 3,10,False
162,427,Case 3,6,False
162,457,Case 3,6,False
162,463,Case 3,4,False
162,467,Case 3,4,False
162,473,Case 3,4,False
162,493,Case 3,12,False
162,497,Case 3,8,False
162,527,Case 3,6,False
162,599,Case 3,2,True
162,607,Case 3,8,False
162,643,Case 3,6,False
162,683,Case 3,8,False
162,695,Case 3,4,False
162,709,Case 3,8,False
162,721,Case 3,12,False
162,761,Case 3,10,False
162,775,Case 3,14,False
162,787,Case 3,10,False
162,865,Case 3,8,False
162,911,Case 3,12,False
162,955,Case 3,6,False
164,5,Case 3,6,False
164,31,Case 3,4,False
164,35,Case 3,4,False
164,49,Case 3,6,False
164,77,Case 3,10,False
164,95,Case 3,10,False
164,107,Case 3,8,False
164,113,Case 3,4,False
164,125,Case 3,2,True
164,131,Case 3,4,False
164,145,Case 3,6,False
164,197,Case 3,6,False
164,221,Case 3,2,True
164,253,Case 3,4,False
164,373,Case 3,4,False
164,485,Case 3,6,False
164,487,Case 3,8,False
164,491,Case 3,4,False
164,499,Case 3,10,False
164,553,Case 3,6,False
164,589,Case 3,4,False
164,613,Case 3,8,False
164,653,Case 3,10,False
164,751,Case 3,6,False
164,755,Case 3,4,False
164,881,Case 3,6,False
164,895,Case 3,2,True
164,913,Case 3,8,False
164,995,Case 3,12,False
166,109,Case 3,4,False
166,137,Case 3,4,False
166,163,Case 3,6,False
166,199,Case 3,8,False
166,253,Case 3,4,False
166,259,Case 3,6,False
166,281,Case 3,4,False
166,287,Case 3,6,False
166,295,Case 3,4,False
166,325,Case 3,4,False
166,395,Case 3,8,False
166,407,Case 3,6,False
166,433,Case 3,10,False
166,475,Case 3,2,True
166,487,Case 3,4,False
166,595,Case 3,10,False
166,641,Case 3,4,False
166,647,Case 3,6,False
166,737,Case 3,10,False
166,749,Case 3,2,True
166,821,Case 3,2,True
166,875,Case 3,4,False
166,901,Case 3,4,False
166,937,Case 3,12,False
166,965,Case 3,6,False
166,971,Case 3,4,False
168,1,Case 3,10,False
168,5,Case 3,6,False
168,11,Case 3,8,False
168,53,Case 3,14,False
168,89,Case 3,8,False
168,233,Case 3,8,False
168,275,Case 3,8,False
168,281,Case 3,4,False
168,361,Case 3,2,True
168,395,Case 3,4,False
168,457,Case 3,6,False
168,485,Case 3,6,False
168,527,Case 3,6,False
168,625,Case 3,14,False
168,643,Case 3,6,False
168,649,Case 3,2,True
168,655,Case 3,12,False
168,697,Case 3,4,False
168,757,Case 3,4,False
168,761,Case 3,2,True
168,821,Case 3,10,False
168,829,Case 3,8,False
168,863,Case 3,4,False
168,869,Case 3,6,False
168,977,Case 3,6,False
168,991,Case 3,10,False
170,13,Case 3,4,False
170,29,Case 3,6,False
170,47,Case 3,6,False
170,103,Case 3,8,False
170,157,Case 3,4,False
170,257,Case 3,12,False
170,299,Case 3,8,False
170,329,Case 3,8,False
170,439,Case 3,12,False
170,463,Case 3,4,False
170,509,Case 3,2,True
170,571,Case 3,6,False
170,661,Case 3,4,False
170,781,Case 3,4,False
170,853,Case 3,4,False
170,857,Case 3,10,False
170,859,Case 3,6,False
170,889,Case 3,4,False
170,979,Case 3,6,False
172,29,Case 3,10,False
172,47,Case 3,10,False
172,59,Case 3,8,False
172,79,Case 3,4,False
172,101,Case 3,6,False
172,121,Case 3,6,False
172,137,Case 3,8,False
172,193,Case 3,2,True
172,239,Case 3,2,True
172,275,Case 3,4,False
172,317,Case 3,10,False
172,331,Case 3,6,False
172,365,Case 3,6,False
172,407,Case 3,2,True
172,443,Case 3,4,False
172,445,Case 3,8,False
172,455,Case 3,6,False
172,527,Case 3,2,True
172,545,Case 3,12,False
172,583,Case 3,4,False
172,635,Case 3,8,False
172,745,Case 3,8,False
172,799,Case 3,6,False
172,803,Case 3,4,False
174,5,Case 3,6,False
174,55,Case 3,12,False
174,91,Case 3,6,False
174,149,Case 3,2,True
174,155,Case 3,8,False
174,175,Case 3,4,False
174,259,Case 3,6,False
174,307,Case 3,2,True
174,331,Case 3,2,True
174,353,Case 3,8,False
174,379,Case 3,2,True
174,389,Case 3,2,True
174,395,Case 3,4,False
174,421,Case 3,12,False
174,425,Case 3,4,False
174,433,Case 3,6,False
174,487,Case 3,4,False
174,583,Case 3,8,False
174,611,Case 3,4,False
174,623,Case 3,10,False
174,679,Case 3,8,False
174,689,Case 3,12,False
174,709,Case 3,4,False
174,731,Case 3,12,False
174,809,Case 3,2,True
174,865,Case 3,4,False
174,923,Case 3,8,False
174,973,Case 3,8,False
174,991,Case 3,10,False
176,7,Case 3,8,False
176,25,Case 3,6,False
176,73,Case 3,10,False
176,83,Case 3,8,False
176,109,Case 3,8,False
176,161,Case 3,4,False
176,179,Case 3,4,False
176,235,Case 3,6,False
176,307,Case 3,10,False
176,325,Case 3,4,False
176,343,Case 3,12,False
176,449,Case 3,12,False
176,457,Case 3,6,False
176,485,Case 3,6,False
176,487,Case 3,8,False
176,505,Case 3,6,False
176,515,Case 3,4,False
176,569,Case 3,4,False
176,577,Case 3,6,False
176,587,Case 3,16,False
176,641,Case 3,12,False
176,665,Case 3,8,False
176,845,Case 3,6,False
176,955,Case 3,6,False
178,71,Case 3,2,True
178,179,Case 3,8,False
178,203,Case 3,12,False
178,233,Case 3,4,False
178,257,Case 3,8,False
178,361,Case 3,6,False
178,365,Case 3,2,True
178,437,Case 3,6,False
178,455,Case 3,10,False
178,481,Case 3,6,False
178,535,Case 3,4,False
178,575,Case 3,6,False
178,647,Case 3,2,True
178,701,Case 3,10,False
178,743,Case 3,8,False
178,751,Case 3,6,False
178,757,Case 3,8,False
178,815,Case 3,4,False
178,823,Case 3,6,False
178,833,Case 3,6,False
178,847,Case 3,6,False
178,865,Case 3,8,False
178,919,Case 3,2,True
178,973,Case 3,12,False
180,19,Case 3,2,True
180,61,Case 3,4,False
180,71,Case 3,10,False
180,121,Case 3,6,False
180,221,Case 3,10,False
180,223,Case 3,8,False
180,361,Case 3,2,True
180,377,Case 3,8,False
180,497,Case 3,8,False
180,539,Case 3,8,False
180,559,Case 3,4,False
180,641,Case 3,4,False
180,767,Case 3,8,False
180,839,Case 3,12,False
180,871,Case 3,6,False
180,877,Case 3,4,False
180,881,Case 3,6,False
180,967,Case 3,2,True
182,19,Case 3,2,True
182,37,Case 3,8,False
182,71,Case 3,10,False
182,121,Case 3,6,False
182,305,Case 3,8,False
182,319,Case 3,4,False
182,391,Case 3,4,False
182,401,Case 3,4,False
182,409,Case 3,6,False
182,521,Case 3,4,False
182,589,Case 3,4,False
182,617,Case 3,8,False
182,629,Case 3,6,False
182,647,Case 3,6,False
182,701,Case 3,6,False
182,809,Case 3,6,False
182,811,Case 3,10,False
182,901,Case 3,4,False
182,919,Case 3,6,False
182,953,Case 3,2,True
184,35,Case 3,8,False
184,79,Case 3,8,False
184,119,Case 3,10,False
184,181,Case 3,4,False
184,259,Case 3,10,False
184,289,Case 3,6,False
184,343,Case 3,8,False
184,377,Case 3,4,False
184,425,Case 3,4,False
184,433,Case 3,2,True
184,451,Case 3,2,True
184,565,Case 3,8,False
184,569,Case 3,4,False
184,605,Case 3,6,False
184,623,Case 3,6,False
184,641,Case 3,8,False
184,659,Case 3,4,False
184,685,Case 3,4,False
184,749,Case 3,2,True
184,755,Case 3,4,False
184,809,Case 3,14,False
184,829,Case 3,8,False
184,853,Case 3,4,False
184,973,Case 3,4,False
184,991,Case 3,6,False
186,47,Case 3,6,False
186,49,Case 3,6,False
186,71,Case 3,6,False
186,91,Case 3,2,True
186,125,Case 3,6,False
186,137,Case 3,8,False
186,149,Case 3,6,False
186,187,Case 3,6,False
186,251,Case 3,8,False
186,253,Case 3,8,False
186,269,Case 3,6,False
186,305,Case 3,8,False
186,371,Case 3,8,False
186,431,Case 3,10,False
186,451,Case 3,6,False
186,455,Case 3,6,False
186,503,Case 3,6,False
186,523,Case 3,10,False
186,623,Case 3,6,False
186,625,Case 3,10,False
186,631,Case 3,8,False
186,667,Case 3,6,False
186,695,Case 3,10,False
186,733,Case 3,4,False
186,755,Case 3,8,False
186,761,Case 3,10,False
186,779,Case 3,4,False
186,799,Case 3,2,True
186,803,Case 3,8,False
186,841,Case 3,8,False
186,865,Case 3,8,False
186,941,Case 3,10,False
186,965,Case 3,10,False
188,13,Case 3,8,False
188,95,Case 3,2,True
188,121,Case 3,6,False
188,367,Case 3,8,False
188,425,Case 3,8,False
188,445,Case 3,8,False
188,455,Case 3,6,False
188,473,Case 3,4,False
188,571,Case 3,10,False
188,599,Case 3,2,True
188,619,Case 3,6,False
188,653,Case 3,6,False
188,691,Case 3,6,False
188,769,Case 3,4,False
188,805,Case 3,4,False
188,983,Case 3,8,False
188,997,Case 3,4,False
190,7,Case 3,8,False
190,23,Case 3,6,False
190,31,Case 3,4,False
190,41,Case 3,4,False
190,149,Case 3,6,False
190,167,Case 3,10,False
190,169,Case 3,6,False
190,187,Case 3,6,False
190,203,Case 3,8,False
190,221,Case 3,6,False
190,229,Case 3,4,False
190,239,Case 3,6,False
190,259,Case 3,6,False
190,313,Case 3,6,False
190,353,Case 3,4,False
190,419,Case 3,4,False
190,439,Case 3,8,False
190,527,Case 3,6,False
190,673,Case 3,6,False
190,707,Case 3,8,False
190,727,Case 3,4,False
190,887,Case 3,8,False
190,923,Case 3,12,False
192,1,Case 3,10,False
192,125,Case 3,10,False
192,157,Case 3,8,False
192,209,Case 3,8,False
192,245,Case 3,10,False
192,257,Case 3,8,False
192,337,Case 3,2,True
192,389,Case 3,10,False
192,403,Case 3,10,False
192,419,Case 3,4,False
192,487,Case 3,4,False
192,617,Case 3,4,False
192,623,Case 3,6,False
192,719,Case 3,6,False
192,725,Case 3,6,False
192,727,Case 3,4,False
192,785,Case 3,10,False
192,815,Case 3,8,False
192,925,Case 3,8,False
192,947,Case 3,8,False
192,989,Case 3,2,True
192,991,Case 3,6,False
194,19,Case 3,10,False
194,71,Case 3,6,False
194,79,Case 3,12,False
194,151,Case 3,8,False
194,161,Case 3,4,False
194,245,Case 3,6,False
194,263,Case 3,10,False
194,281,Case 3,4,False
194,323,Case 3,4,False
194,331,Case 3,6,False
194,413,Case 3,6,False
194,415,Case 3,12,False
194,433,Case 3,6,False
194,503,Case 3,10,False
194,539,Case 3,4,False
194,587,Case 3,8,False
194,619,Case 3,6,False
194,731,Case 3,4,False
194,757,Case 3,4,False
194,791,Case 3,4,False
194,799,Case 3,6,False
194,803,Case 3,4,False
194,871,Case 3,6,False
194,955,Case 3,10,False
196,19,Case 3,6,False
196,199,Case 3,4,False
196,233,Case 3,8,False
196,257,Case 3,8,False
196,293,Case 3,2,True
196,305,Case 3,4,False
196,395,Case 3,8,False
196,401,Case 3,4,False
196,491,Case 3,8,False
196,571,Case 3,10,False
196,611,Case 3,4,False
196,625,Case 3,6,False
196,689,Case 3,8,False
196,743,Case 3,6,False
196,751,Case 3,8,False
196,769,Case 3,10,False
196,877,Case 3,4,False
196,937,Case 3,4,False
196,967,Case 3,6,False
198,17,Case 3,8,False
198,23,Case 3,6,False
198,53,Case 3,2,True
198,95,Case 3,6,False
198,131,Case 3,4,False
198,179,Case 3,4,False
198,223,Case 3,8,False
198,233,Case 3,12,False
198,241,Case 3,10,False
198,263,Case 3,10,False
198,335,Case 3,6,False
198,359,Case 3,6,False
198,389,Case 3,2,True
198,415,Case 3,8,False
198,425,Case 3,8,False
198,427,Case 3,10,False
198,467,Case 3,8,False
198,511,Case 3,12,False
198,515,Case 3,4,False
198,553,Case 3,10,False
198,563,Case 3,4,False
198,581,Case 3,10,False
198,587,Case 3,4,False
198,601,Case 3,2,True
198,611,Case 3,4,False
198,619,Case 3,6,False
198,653,Case 3,6,False
198,655,Case 3,4,False
198,677,Case 3,2,True
198,679,Case 3,12,False
198,739,Case 3,10,False
198,763,Case 3,6,False
198,767,Case 3,6,False
198,773,Case 3,10,False
198,787,Case 3,2,True
198,805,Case 3,12,False
198,817,Case 3,8,False
198,839,Case 3,4,False
198,865,Case 3,4,False
198,881,Case 3,6,False
198,907,Case 3,2,True
198,949,Case 3,4,False
198,995,Case 3,8,False
200,91,Case 3,6,False
200,323,Case 3,8,False
200,391,Case 3,8,False
200,401,Case 3,8,False
200,419,Case 3,8,False
200,427,Case 3,6,False
200,523,Case 3,6,False
200,539,Case 3,4,False
200,593,Case 3,8,False
200,631,Case 3,4,False
200,701,Case 3,6,False
200,733,Case 3,4,False
200,829,Case 3,4,False
200,917,Case 3,6,False
200,941,Case 3,6,False
